"pop","157100","555941","1122665","1133805","1155610","1156385","1180284","1189552","1193096","1193777","1200719","1207699","1210468","1212517","1215366","1522184","2952548","3067017","3646260","3775373","3778135","4290330","4458666","4467608","4468020","4473544","4473879","4476746","4478878","4481666","4487812","4840235","4861876","4873351","4880749","5496307","5664803","6002270","6014102","6033584","6152168","6214227","6897002","6944745","7071495","7074424","7074425","7074426","7074427","7195409","7202731","7218643","7636175","7638879","7642358","7672038","7698933","7733994","7803848","7834564","8546816","9016941","9125158","9228053","9870370","10204389","10260980","10589059","10597558","11017488","11079905","11079906","11079921","11080000","11080011","11080013","11082920","11082938","11082961","11082962","11082970","11082981","11082983","11082989","11083005","11083006","11083556","11084232","11084233","11084711","11084752","11084769","11084773","11084779","11085418","11086639","11389497","11414977","11433166","11433903","11436526","13476447","13744527","13784059","13972894","14029608","14034211","14039737","14179218","14518861","14527441","14532316","14546231","14564319","14690351","14703604","14749226","14776787","14944315","14972686","14975636","15007553","15037389","15038096","15056953","15059061","16541894","16559649","17277892","17357276","17357839","17587881","19711159","19711418","19711939","19717233","19720563","19722284","20740783","20814981","22507624","22555257","22635349","22715149","22724648","22967890","23033182","23050117","23362205","23379890","23768204","24174520","24405041","24407960","24815814","24818368","24833240","24833826","24877421","24888606","25003508","25012656","25269452","25282676","26787179","26915384","27169677","27255054","27257489","27258767","27259401","27260554","27261944","27264357","27265434","27269708","27272986","27282653","27438828","27641705","28149832","28150544","28150953","28268558","28269315","28292789","28392437","28407958","28450179","28471560","29634465","30531627","30569825","30752502","31607723","32121288","32805524","32833591","32835365","32871271","32927611","32950336","32963247","32963704","32972031","32974031","32986327","33056244","33061268","33063849","33087634","33087881","33089899","33090429","33093037","33095632","33096898","33098625","33101447","33102107","33105224","33114146","33116674","33122328","33122950","33123596","33129292","33129589","33129754","33131907","33133205","33140562","33143085","33144151","33146030","33146609","33146632","33149504","33151161","33151822","33152955","33155088","33155994","33159513","33162092","33165994","33167553","33168602","33172731","33174395","33175458","33179436","33179624","33179662","33179815","33180068","33180587","33180629","33181020","33181173","33184464","33185742","33192379","33200588","33201264","33206029","33207201","33207386","33440533","33676405","33998353","34166368","lat","lon","rad","th","ele"
"Adygei","0.0714286","0.0357143","0.214286","0","0.0714286","0.0714286","0.964286","0.0714286","0.0714286","0.0714286","0.0714286","0.0714286","0.0714286","0.0714286","0.0714286","0.928571","0.428571","0","0.0714286","0.142857","0.142857","0.0714286","0.0357143","0.0357143","0.0357143","0.0357143","0.0357143","0.964286","0.0357143","0.0357143","0.0357143","0.892857","0","0.214286","0.214286","0.142857","0.0357143","0.142857","0.107143","0","0.0357143","0","0.214286","0.142857","0.142857","0.0714286","0.142857","0.142857","0.142857","0.0357143","0.0357143","0.0357143","0.0357143","0.0357143","0.107143","0.0357143","0.857143","0.0357143","0.107143","0.107143","0.107143","0.0714286","0.0357143","0.0714286","0.0714286","0.714286","0.0714286","0","0.0357143","0.107143","0.0714286","0.0714286","0.0714286","0.107143","0.107143","0.107143","0.0357143","0.0357143","0.0357143","0.0357143","0.0357143","0.0357143","0.0357143","0.0357143","0.0357143","0.0357143","0.0357143","0.0357143","0.0357143","0.0357143","0.0357143","0.0357143","0.0357143","0.0714286","0.0357143","0.0357143","0.0357143","0.107143","0.107143","0.107143","0.107143","0.142857","0.178571","0.0357143","0","0.0357143","0.0357143","0","0.321429","0.214286","0.142857","0.0357143","0.142857","0.0357143","0.0357143","0","0.0357143","0.107143","0.0357143","0.0714286","0.0714286","0.0714286","0.107143","0.107143","0.107143","0.107143","0.0714286","0.0714286","0.428571","0.571429","0.571429","0.392857","0","0","0","0","0","0","0.821429","0.892857","0.0357143","0","0.214286","0","0.142857","0","0.321429","0.0714286","0.0357143","0","0","0","0.607143","0.857143","0","0","0","0","0","0","0","0","0","0.107143","0.0357143","0.0714286","0.0357143","0.142857","0.142857","0.142857","0.142857","0.142857","0.142857","0.142857","0.142857","0.142857","0.142857","0.142857","0.107143","0.0714286","1","1","0","0.214286","0.214286","0.214286","0","0.142857","0","0.214286","1","0","0","0.107143","0.107143","0.0357143","0.0357143","0","0.0714286","0","0.0714286","0.0714286","0.0714286","0.0714286","0.0714286","0.0714286","0.0714286","0.0714286","0.0714286","0.0714286","0.107143","0.142857","0.107143","0.107143","0.107143","0.142857","0.142857","0.142857","0.142857","0.142857","0.142857","0.142857","0.142857","0.142857","0.142857","0.142857","0.142857","0.142857","0.142857","0.142857","0.142857","0.142857","0.142857","0.142857","0.142857","0.142857","0.142857","0.142857","0.142857","0.142857","0.142857","0.142857","0.142857","0.142857","0.142857","0.142857","0.142857","0.142857","0.142857","0.142857","0.142857","0.857143","0.857143","0.857143","0.142857","0.142857","0.857143","0.142857","0.142857","0.142857","0.214286","0.142857","0.214286","0.142857","0.142857","0.107143","0.107143","0.107143","0.0714286","0.107143","0.0714286","0.0357143",44,39,0.337623596191406,1.45920991897583,-784.519165039062
"Basque","0","0","0.342105","0.0263158","0.0526316","0.0526316","0.894737","0.0789474","0.0789474","0.0789474","0.0789474","0.0789474","0.0789474","0.0789474","0.0789474","1","0.447368","0.315789","0.0263158","0","0","0.0263158","0","0","0","0","0","1","0","0","0","0.973684","0","0.236842","0.236842","0","0","0","0.0263158","0","0.0263158","0","0.157895","0.184211","0.131579","0.0263158","0.263158","0.263158","0.263158","0.0526316","0.0526316","0.0263158","0.0263158","0","0","0.289474","0.763158","0.0263158","0.0263158","0.0263158","0.0526316","0","0.0263158","0.0526316","0.0263158","0.789474","0","0.0263158","0.0263158","0.289474","0.105263","0.105263","0.105263","0.105263","0.105263","0.131579","0.105263","0.105263","0.105263","0.105263","0.105263","0.105263","0.105263","0.105263","0.105263","0.105263","0.0263158","0.0789474","0.0789474","0.0789474","0.0789474","0.0789474","0.0789474","0.0789474","0.105263","0.105263","0.0789474","0.131579","0.131579","0.131579","0.131579","0.236842","0.0789474","0","0.0526316","0","0.0263158","0.131579","0.368421","0.210526","0.157895","0.0526316","0.157895","0.0526316","0.0789474","0.0789474","0.0526316","0","0.0789474","0.210526","0.157895","0.157895","0.105263","0.105263","0.131579","0.131579","0","0","0.184211","0.184211","0.184211","0.210526","0","0","0","0","0","0","0.921053","0.921053","0.131579","0.0526316","0.157895","0","0.0526316","0","0.0526316","0.131579","0.0789474","0","0","0","0.263158","0.421053","0.131579","0.0526316","0.184211","0.131579","0.0789474","0.210526","0.0526316","0.0263158","0","0.105263","0.0263158","0.0789474","0.157895","0.131579","0.105263","0.105263","0.105263","0.105263","0.105263","0.105263","0.105263","0.105263","0.105263","0.105263","0.0263158","0.0263158","1","1","0","0.0526316","0.0526316","0.0526316","0","0.0526316","0","0.0526316","1","0.0263158","0","0","0.0789474","0","0.0263158","0.0263158","0.0263158","0.0263158","0.0789474","0.0526316","0.0526316","0.0526316","0.0526316","0.0526316","0.0263158","0.0263158","0.0263158","0.0263158","0.0526316","0.0526316","0.0526316","0.0526316","0.0526316","0.0526316","0.0526316","0.0526316","0.0526316","0.0526316","0.0526316","0.0526316","0.0526316","0.0526316","0.0526316","0.0526316","0.0526316","0.0526316","0.0526316","0.0526316","0.0526316","0.0526316","0.0526316","0.0789474","0.0789474","0.0789474","0.0789474","0.0789474","0.0789474","0.0789474","0.0789474","0.0526316","0.0526316","0.0526316","0.0526316","0.0526316","0.0526316","0.0526316","0.0526316","0.0526316","0.0526316","0.947368","0.947368","0.947368","0.0526316","0.0526316","0.947368","0.0526316","0.0526316","0.0526316","0.131579","0.0526316","0.0526316","0.0526316","0.0526316","0.0526316","0.0526316","0.0526316","0","0","0.0263158","0.0263158",43,0,0.402020245790482,2.81759667396545,1305.50036621094
"CEPH","0","0","0","0","0","0","0","0","0","0","0","0","0","0","0","0.3","0.4","0","0.05","0","0","0.05","0","0","0","0","0","1","0","0","0","0.8","0.05","0.05","0.05","0","1","0.05","0.05","0","0","0","0.1","0.1","0.05","0","0.15","0.15","0.15","0","0","0","0.1","0","0","0","0.9","0","0.05","0.1","0","0","0.05","0","0","0.3","0.95","0","0.15","0.85","0.7","0.7","0.7","0.7","0.7","0.7","0.7","0.7","0.7","0.7","0.7","0.7","0.7","0.7","0.7","0.7","0.55","0.7","0.7","0.7","0.7","0.7","0.7","0.7","0.7","0.6","0.1","0.05","0.05","0.05","0.1","1","0.15","0","0.05","0","0.05","0.15","1","0.15","0.1","0","0.1","0","0","0","1","0.05","0","0","0","0","0","0","0","0","0.1","0.1","0.05","0.1","0.1","0.95","0","0","0","0","0","0","0.3","0.3","0.15","0","0.3","0.05","0","1","0","0.3","0.15","0.65","0","0.85","0.3","0.5","0.05","0","0.1","0.1","1","0","0","0.05","1","1","0","0.05","0","0","0","0","0","0","0","0","0","0","0","0","0.05","0.1","1","1","0","0","0","0","0","0","0","0","0","0.05","0.1","1","0.1","0.05","0.05","0","0","0.05","0.25","0.25","0.25","0.25","0.25","0.25","0.25","0.25","0.25","0.25","0.25","0.25","0.25","0.25","0.25","0.25","0.25","0.25","0.25","0.25","0.25","0.25","0.25","0.25","0.25","0.25","0.25","0.25","0.25","0.25","0.25","0.25","0.25","0.25","0.25","0.25","0.25","0.25","0.25","0.25","0.25","0.25","0.25","0.25","0.25","0.25","0.25","0.25","0.25","0.25","0.25","0.75","0.75","0.75","0.25","0.25","0.75","0.25","0.25","0.25","0.25","0.25","0.25","0.25","0.25","0.25","0.25","0.25","0.05","0","0.05","0.05",40.767,-111.8904,0.382100075483322,0.743644058704376,1874.67529296875
"Colombian","0","0","0.0555556","0.166667","0.166667","0.166667","0","0.166667","0.166667","0.166667","0","0","0","0","0","0.666667","0.277778","0.111111","0.111111","0.0555556","0.0555556","0.166667","0.166667","0.166667","0.166667","0","0","1","0","0","0","0.888889","0.0555556","0.166667","0.166667","0.111111","1","0.333333","0.333333","0.277778","0.277778","0.388889","0.444444","0.444444","0.444444","0.388889","0.444444","0.444444","0.444444","0.444444","0.5","0.444444","0.5","0.222222","0.5","0","0.444444","0.388889","0.444444","0.5","0.111111","0","0.0555556","0.166667","0.111111","0.222222","0.888889","0.333333","0","0.277778","0.277778","0.277778","0.277778","0.333333","0.277778","0.277778","0.222222","0.222222","0.222222","0.222222","0.222222","0.222222","0.222222","0.222222","0.222222","0.222222","0.222222","0.222222","0.222222","0.222222","0.222222","0.222222","0.222222","0.222222","0.222222","0.166667","0","0","0","0","0","1","0.333333","0.222222","0","0.277778","0.222222","0","1","0.166667","0.166667","0","0.166667","0","0.0555556","0.0555556","1","0.166667","0.0555556","0.0555556","0.0555556","0.111111","0.166667","0.166667","0.166667","0.222222","0","0.0555556","0.111111","0.222222","0.222222","0.833333","0","0","0","0","0","0","0.333333","0.222222","0.166667","0.111111","0.166667","0.222222","0.277778","1","0.0555556","0.111111","0","0.444444","0","0.944444","0.166667","0.166667","0.111111","0","0.166667","0.0555556","1","0","0","0.0555556","1","1","0.388889","0","0","0","0","0","0","0","0","0","0","0","0","0","0.111111","0.111111","0.944444","0.944444","0.0555556","0","0.0555556","0","0","0.0555556","0","0.0555556","0","0.333333","0.333333","1","0.333333","0.166667","0","0","0","0","0.111111","0.111111","0.111111","0.111111","0.111111","0.111111","0.111111","0.111111","0.111111","0.111111","0.111111","0.111111","0.111111","0.111111","0.111111","0.111111","0.111111","0.111111","0.111111","0.111111","0.111111","0.111111","0.111111","0.111111","0.111111","0.111111","0.111111","0.111111","0.111111","0.111111","0.111111","0.111111","0.111111","0.166667","0.111111","0.111111","0.111111","0.111111","0.111111","0.111111","0.111111","0.111111","0.111111","0.111111","0.111111","0.111111","0.111111","0.111111","0.111111","0.111111","0.111111","0.888889","0.888889","0.888889","0.111111","0.111111","0.888889","0.111111","0.111111","0.111111","0.111111","0.111111","0.111111","0.111111","0.111111","0.111111","0.111111","0.111111","0.0555556","0.0555556","0","0.0555556",4.58333,-74.066666,2.37818074226379,6.74847030639648,1133.97877883911
"Esan","0.25","0.15","0.275","0.1","0.075","0.075","0.725","0.1","0.1","0.1","0.15","0.1","0.15","0.15","0.1","0.75","0.025","0.075","0.025","0.025","0.025","0","0","0","0","0","0.1","0.9","0","0.1","0.025","0.75","0.05","0.05","0.05","0","0","0","0","0","0.05","0.15","0","0","0","0","0","0","0","0","0.075","0","0.15","0.05","0.1","0","0.85","0","0.025","0.025","0.075","0","0","0.05","0.025","0.95","0.275","0","0","0.375","0.125","0.125","0.125","0.125","0.125","0.125","0.15","0.2","0.2","0.2","0.2","0.2","0.2","0.2","0.2","0.2","0","0.15","0.15","0.15","0.15","0.15","0.15","0.15","0.15","0.15","0.1","0","0","0","0","0.275","0","0","0","0","0","0","0.175","0.025","0","0","0.05","0","0","0","0","0","0","0","0","0","0.05","0.05","0","0","0","0","0","0","0.05","0","0.15","0.15","0.15","0.15","0.15","0.15","1","0.8","0","0","0","0","0","0","0","0","0","0.325","0.1","0.025","0.05","0.25","0","0.025","0.025","0.075","0","0","0.175","0.15","0","0","0","0","0.025","0","0","0","0","0","0","0","0","0","0","0","0","0","0.8","0.8","0.2","0","0","0","0.425","0","0.45","0","0.05","0","0","0","0","0","0","0","0.075","0","0.15","0.15","0.1","0.025","0.025","0.075","0.025","0.025","0.025","0.025","0.025","0.025","0.025","0.025","0.025","0.125","0.05","0.05","0.05","0.05","0.05","0.05","0.2","0.15","0.15","0.15","0.15","0.15","0.15","0.15","0.15","0.15","0.15","0.15","0.15","0.15","0.15","0.15","0.15","0.225","0.15","0.15","0.15","0.15","0.15","0.15","0.15","0.15","0.15","0.15","0.15","0.85","0.85","0.85","0.15","0.15","0.85","0.15","0.15","0.15","0.15","0.15","0.15","0.15","0.15","0.15","0.15","0.15","0.2","0.075","0","0",6.5,6,1.97710156440735,4.26340889930725,305.104789733887
"French","0.025","0","0.35","0.075","0.125","0.125","0.775","0.125","0.125","0.125","0.125","0.125","0.125","0.125","0.125","1","0.425","0.05","0.05","0.075","0.075","0.125","0","0.025","0.025","0.025","0.025","0.975","0.025","0.025","0.025","0.95","0.05","0.325","0.325","0","0.05","0","0.075","0","0.025","0","0.225","0.225","0.225","0.075","0.3","0.3","0.3","0.025","0.025","0.025","0.1","0","0","0.125","0.925","0.075","0.025","0.05","0.1","0.05","0.05","0.025","0.075","0.75","0.025","0","0.05","0.15","0.15","0.15","0.15","0.175","0.175","0.2","0.05","0.05","0.05","0.05","0.05","0.05","0.05","0.05","0.05","0.05","0.05","0.075","0.075","0.025","0.025","0.025","0.025","0.025","0.025","0.025","0","0.05","0.05","0.05","0.075","0.125","0.15","0","0","0.025","0.025","0","0.45","0.075","0.025","0","0.025","0","0","0","0.025","0","0.05","0.1","0.1","0.1","0.1","0.1","0.125","0.125","0.075","0.075","0.15","0.275","0.275","0.175","0","0","0","0","0","0","0.85","0.9","0.025","0.025","0.2","0.05","0.25","0.05","0.025","0.225","0.05","0","0.025","0","0.225","0.325","0.05","0.1","0.025","0.025","0.025","0.05","0","0","0","0","0.025","0.1","0.225","0.05","0.05","0.05","0.05","0.05","0.05","0.05","0.05","0.05","0.05","0.05","0.075","0.05","0.975","0.975","0.025","0.05","0.05","0.05","0.025","0","0.025","0.05","1","0","0","0","0.125","0.025","0.025","0.025","0.05","0.025","0.05","0.05","0.05","0.05","0.05","0.05","0.05","0.05","0.05","0.05","0.025","0.05","0.025","0.025","0.025","0.1","0.1","0.1","0.1","0.1","0.1","0.1","0.1","0.1","0.1","0.1","0.1","0.1","0.1","0.1","0.1","0.1","0.1","0.15","0.15","0.15","0.175","0.15","0.15","0.15","0.15","0.1","0.1","0.1","0.1","0.1","0.1","0.1","0.1","0.1","0.1","0.9","0.9","0.9","0.1","0.1","0.9","0.1","0.1","0.1","0.1","0.1","0.1","0.1","0.1","0.1","0.1","0.1","0","0.025","0","0",46,2,0.126560926437378,3.39044713973999,700.096374511719
"Hazara","0","0","0.470588","0.0588235","0.0588235","0.0588235","0.911765","0.0588235","0.0588235","0.0588235","0.0588235","0.0588235","0.0588235","0.0588235","0.0588235","0.941176","0.176471","0","0","0.382353","0.382353","0.205882","0.176471","0.176471","0.176471","0.147059","0.147059","0.852941","0.147059","0.147059","0.147059","0.911765","0.117647","0.0882353","0.0882353","0.441176","0.0294118","0.176471","0.147059","0.0294118","0.0882353","0.0294118","0.147059","0.0588235","0.0294118","0","0.0588235","0.0588235","0.0588235","0","0.0588235","0.0882353","0.147059","0","0.235294","0.0294118","0.941176","0","0.0294118","0.0588235","0.470588","0.0588235","0.0882353","0.0588235","0.323529","0.882353","0.0882353","0.235294","0.117647","0.0588235","0.0588235","0.0588235","0.0588235","0.0588235","0.0588235","0.0294118","0.0294118","0.0294118","0.0294118","0.0294118","0.0294118","0.0294118","0.0294118","0.0294118","0.0294118","0.0294118","0.0294118","0.0294118","0.0294118","0.0294118","0.0294118","0.0294118","0.0294118","0.0588235","0.0294118","0.0294118","0.0588235","0.0588235","0.0588235","0.0588235","0.0588235","0.147059","0.117647","0","0.323529","0","0.0294118","0.294118","0.235294","0.176471","0.176471","0.0882353","0.176471","0.117647","0.117647","0.117647","0","0.382353","0.0882353","0.0882353","0.0882353","0.0588235","0.117647","0.117647","0.147059","0.147059","0.0588235","0.117647","0.117647","0.235294","0.235294","0.117647","0","0","0","0","0","0","0.647059","0.794118","0","0.0588235","0.117647","0","0.0588235","0","0.0588235","0.0294118","0","0","0.0294118","0.0588235","0.176471","0.323529","0.0588235","0","0.176471","0.0588235","0","0","0","0","0","0","0.205882","0.117647","0.117647","0.323529","0.323529","0.323529","0.323529","0.323529","0.323529","0.323529","0.323529","0.323529","0.323529","0.323529","0.176471","0.0588235","0.970588","0.970588","0.0294118","0.441176","0.441176","0.441176","0.0294118","0.470588","0.0294118","0.5","1","0.0588235","0.0588235","0","0","0.0588235","0.176471","0.117647","0.117647","0.117647","0.588235","0.588235","0.588235","0.588235","0.588235","0.588235","0.5","0.529412","0.529412","0.529412","0.529412","0.529412","0.529412","0.529412","0.529412","0.617647","0.617647","0.617647","0.617647","0.617647","0.617647","0.617647","0.617647","0.617647","0.617647","0.617647","0.617647","0.617647","0.617647","0.617647","0.617647","0.617647","0.617647","0.676471","0.676471","0.676471","0.676471","0.676471","0.676471","0.676471","0.676471","0.617647","0.617647","0.617647","0.617647","0.617647","0.617647","0.617647","0.617647","0.617647","0.617647","0.382353","0.382353","0.382353","0.617647","0.617647","0.382353","0.617647","0.617647","0.617647","0.676471","0.617647","0.617647","0.617647","0.617647","0.647059","0.647059","0.647059","0.352941","0.411765","0.323529","0.352941",33.5,70,1.36927962303162,1.55676758289337,1073.36547851562
"Iberian","0","0","0.0333333","0.0333333","0.133333","0.133333","0","0.133333","0.133333","0.133333","0.133333","0.133333","0.133333","0.133333","0.133333","0.433333","0.333333","0.0333333","0","0.0333333","0.0333333","0","0.0333333","0.1","0.1","0.1","0.1","0.9","0.1","0.1","0.1","0.733333","0.0333333","0.533333","0.533333","0","1","0.0333333","0.0333333","0.0333333","0.0333333","0.0333333","0.1","0.1","0.0666667","0","0.0666667","0.0666667","0.0666667","0.0666667","0.1","0.0666667","0.0333333","0.0333333","0","0.133333","0.833333","0.0666667","0.1","0.0666667","0","0","0.0333333","0.0666667","0.0333333","0.2","0.966667","0.0333333","0.0666667","0.433333","0.3","0.3","0.333333","0.3","0.266667","0.266667","0.233333","0.233333","0.233333","0.233333","0.233333","0.233333","0.233333","0.233333","0.233333","0.233333","0.2","0.2","0.2","0.2","0.2","0.2","0.2","0.2","0.233333","0.2","0.166667","0.133333","0.133333","0.133333","0.166667","1","0.133333","0","0.0333333","0.0333333","0","0.0333333","1","0.0666667","0.0333333","0.0333333","0.0333333","0.0333333","0.0666667","0.0666667","1","0","0.0666667","0.1","0.1","0.1","0.166667","0.166667","0.166667","0.166667","0.0333333","0.0333333","0.166667","0.3","0.3","1","0","0","0","0","0","0","0.6","0.166667","0.0333333","0","0.166667","0","0.266667","1","0.0333333","0.333333","0.1","0.7","0.0333333","0.9","0.166667","0.3","0.0333333","0.0333333","0.1","0.1","1","0.133333","0.0666667","0.0333333","1","1","0","0.0666667","0","0.0666667","0.0666667","0.0666667","0.0666667","0.0666667","0.0666667","0.0666667","0.0666667","0.0666667","0.0666667","0.0666667","0.0333333","0.0333333","1","1","0","0.0666667","0.0666667","0.0333333","0","0","0","0.0666667","0","0.0333333","0","1","0.133333","0.0666667","0.0666667","0","0","0","0","0","0","0","0","0","0","0","0","0","0","0","0","0","0","0.0666667","0.0333333","0.0333333","0.0333333","0.0333333","0.0333333","0.0333333","0.0333333","0.0333333","0.0333333","0.0333333","0.0333333","0.0333333","0.0333333","0.0333333","0.0333333","0.0333333","0.0333333","0.0666667","0.0333333","0.0333333","0.0333333","0.0333333","0.0333333","0.0333333","0.0333333","0.0333333","0.0333333","0.0333333","0.0333333","0.0333333","0.0333333","0.0333333","0.0333333","0.0333333","0.0333333","0.966667","0.966667","0.966667","0.0333333","0.0333333","0.966667","0.0333333","0.0333333","0.0333333","0.0666667","0.0333333","0.0333333","0.0333333","0.0333333","0.0333333","0.0333333","0.0333333","0","0","0","0",40.38,-3.72,0.331098258495331,2.50503373146057,646.4384765625
"Kalash","0","0","0.289474","0","0.0526316","0.0526316","1","0.0526316","0.0526316","0.0526316","0.0526316","0.0526316","0.0526316","0.0526316","0.0526316","1","0.0263158","0.0263158","0","0","0","0.105263","0.394737","0.394737","0.394737","0.394737","0.394737","0.605263","0.394737","0.394737","0.394737","0.842105","0.0263158","0.0526316","0.0526316","0.0263158","0.0526316","0","0.0789474","0","0","0","0.236842","0.131579","0.0789474","0","0.289474","0.289474","0.289474","0","0","0","0.0789474","0.0789474","0.0526316","0","0.921053","0.0263158","0.105263","0.0789474","0.131579","0.368421","0.368421","0.0263158","0.605263","0.973684","0.0526316","0","0.421053","0.0789474","0.0263158","0.0263158","0.0263158","0.0263158","0.0263158","0.0263158","0.0263158","0.0263158","0.0263158","0.0263158","0.0263158","0.0263158","0.0263158","0.0263158","0.0263158","0.0263158","0","0.0263158","0.0263158","0.0263158","0.0263158","0.0263158","0.0263158","0.0263158","0.0263158","0.0263158","0","0","0","0","0.0526316","0.0526316","0.0789474","0","0.0526316","0.105263","0.0263158","0.394737","0.315789","0.736842","0.657895","0.368421","0.657895","0.368421","0.421053","0.421053","0","0","0.394737","0.473684","0.473684","0.5","0.552632","0.552632","0.552632","0.552632","0.447368","0.473684","0.0526316","0.0526316","0.0526316","0.0263158","0","0","0","0","0","0","0.815789","0.947368","0.157895","0.105263","0.105263","0.0789474","0.184211","0","0.105263","0.0526316","0.0263158","0","0","0.0263158","0.263158","0.421053","0","0.0263158","0.0526316","0","0","0.105263","0","0","0","0","0.236842","0.394737","0.105263","0.131579","0.131579","0.131579","0.131579","0.131579","0.131579","0.131579","0.131579","0.131579","0.131579","0.131579","0.184211","0.368421","0.921053","0.921053","0.0789474","0.0789474","0.0789474","0.0789474","0.0526316","0.0789474","0.0526316","0.0789474","1","0.131579","0","0","0","0.0789474","0.131579","0.131579","0.131579","0.157895","0.236842","0.263158","0.263158","0.263158","0.263158","0.263158","0.184211","0.184211","0.184211","0.184211","0.184211","0.236842","0.184211","0.184211","0.184211","0.210526","0.210526","0.210526","0.210526","0.210526","0.210526","0.210526","0.210526","0.236842","0.236842","0.236842","0.236842","0.236842","0.236842","0.236842","0.236842","0.236842","0.236842","0.263158","0.263158","0.263158","0.263158","0.263158","0.263158","0.263158","0.263158","0.236842","0.236842","0.236842","0.236842","0.236842","0.236842","0.236842","0.236842","0.236842","0.236842","0.763158","0.763158","0.763158","0.236842","0.236842","0.763158","0.236842","0.236842","0.236842","0.289474","0.236842","0.236842","0.236842","0.236842","0.236842","0.236842","0.236842","0.0789474","0.105263","0.0789474","0.0789474",36,71.5,0.723763346672058,1.01067054271698,3106.63525390625
"Mandenka","0.166667","0.25","0.333333","0.111111","0.111111","0.111111","0.555556","0.138889","0.138889","0.138889","0.138889","0.111111","0.138889","0.138889","0.111111","0.916667","0","0.0833333","0.0277778","0.0277778","0.0277778","0","0","0","0","0","0.111111","0.888889","0","0.111111","0","0.944444","0.0833333","0.0277778","0.0277778","0.111111","0","0","0","0","0.0277778","0","0.0277778","0.0277778","0","0","0.0277778","0.0277778","0.0277778","0.0277778","0.0555556","0.0277778","0.111111","0.0277778","0.166667","0","0.972222","0","0","0","0.0555556","0","0","0.111111","0.0277778","1","0","0","0","0.0555556","0.166667","0.166667","0.166667","0.194444","0.194444","0.166667","0.138889","0.138889","0.138889","0.138889","0.138889","0.138889","0.138889","0.138889","0.138889","0.138889","0.0555556","0.111111","0.111111","0.111111","0.111111","0.111111","0.111111","0.138889","0.138889","0.138889","0.166667","0","0","0","0","0.222222","0","0","0","0","0","0","0.25","0.0277778","0","0","0","0","0","0","0","0","0","0","0","0","0.0277778","0.0277778","0","0.0277778","0","0","0","0","0.0833333","0.0277778","0.555556","0.555556","0.555556","0.555556","0.555556","0.555556","1","0.888889","0","0","0","0","0","0","0","0","0","0.194444","0.138889","0","0","0.166667","0","0.0555556","0","0","0","0","0.25","0.166667","0","0","0.0833333","0","0.222222","0","0","0","0","0","0","0","0","0","0","0","0","0","0.638889","0.638889","0.361111","0","0","0","0.472222","0","0.527778","0","0.972222","0","0.166667","0","0","0.0277778","0","0","0.138889","0","0.138889","0.138889","0.111111","0.111111","0.111111","0.138889","0.111111","0.0833333","0.0833333","0.0833333","0.0833333","0.0833333","0.0833333","0.0833333","0.0833333","0.277778","0.111111","0.111111","0.111111","0.111111","0.111111","0.111111","0.138889","0.138889","0.138889","0.138889","0.138889","0.138889","0.138889","0.138889","0.138889","0.138889","0.138889","0.138889","0.138889","0.138889","0.138889","0.138889","0.138889","0.166667","0.138889","0.138889","0.138889","0.138889","0.138889","0.138889","0.138889","0.138889","0.138889","0.138889","0.138889","0.861111","0.861111","0.861111","0.138889","0.138889","0.861111","0.138889","0.138889","0.138889","0.138889","0.138889","0.138889","0.138889","0.138889","0.138889","0.138889","0.138889","0.138889","0","0","0",12,-12,2.67868185043335,4.15502262115479,612.560729980469
"Mende","0.0789474","0.157895","0.447368","0.236842","0.184211","0.184211","0.842105","0.105263","0.105263","0.105263","0.105263","0.105263","0.105263","0.105263","0.105263","0.789474","0.0526316","0","0.0263158","0","0","0","0.0263158","0","0","0","0","1","0","0","0.131579","0.789474","0.0263158","0","0","0.184211","0","0","0","0","0","0.0789474","0","0","0","0","0","0","0","0","0.0789474","0","0.0526316","0","0.0526316","0","0.947368","0","0.0263158","0.0263158","0","0","0","0.0263158","0","0.868421","0.342105","0","0","0.157895","0","0","0","0.0263158","0.0263158","0.0263158","0","0","0","0","0","0","0","0","0","0","0","0","0","0","0","0","0","0","0.0526316","0","0.0789474","0","0","0","0","0.210526","0","0","0.0526316","0","0","0","0.184211","0.0789474","0.0263158","0","0.0263158","0","0","0","0","0","0","0","0","0","0.0263158","0.0263158","0","0","0","0","0","0.0263158","0.0526316","0","0.210526","0.210526","0.210526","0.210526","0.210526","0.210526","0.947368","0.894737","0","0","0","0","0","0","0","0","0","0.210526","0.210526","0","0","0.236842","0","0.0526316","0","0.0789474","0","0","0.0789474","0.184211","0","0","0","0","0","0","0","0","0","0","0","0","0","0","0","0","0","0","0.868421","0.868421","0.131579","0","0","0","0.210526","0","0.289474","0","0","0","0.0789474","0","0","0","0","0","0.0263158","0","0.0526316","0.0526316","0.0263158","0.0263158","0.0263158","0.157895","0.0263158","0.0263158","0.0263158","0.0263158","0.0263158","0.0263158","0.0263158","0.0263158","0.0263158","0.210526","0.0263158","0.0263158","0.0263158","0.0263158","0.0263158","0.0263158","0.131579","0.131579","0.131579","0.131579","0.131579","0.131579","0.131579","0.131579","0.157895","0.131579","0.131579","0.131579","0.131579","0.131579","0.131579","0.131579","0.131579","0.157895","0.131579","0.131579","0.131579","0.131579","0.131579","0.131579","0.131579","0.131579","0.131579","0.131579","0.131579","0.868421","0.868421","0.868421","0.131579","0.131579","0.868421","0.131579","0.131579","0.131579","0.131579","0.131579","0.131579","0.131579","0.131579","0.131579","0.131579","0.131579","0.157895","0","0","0",8.48,-13.23,2.05454015731812,6.33077669143677,12.8817625045776
"Mexican_Ancestry","0","0","0.0416667","0.0416667","0.0416667","0.0416667","0","0.0416667","0.0416667","0.0416667","0.0416667","0.0416667","0.0416667","0.0416667","0.0416667","0.25","0.291667","0.0416667","0.0833333","0","0","0.333333","0.0833333","0.125","0.125","0.0416667","0.0416667","0.958333","0.0416667","0.0416667","0.0416667","0.833333","0.0833333","0.125","0.125","0.208333","1","0.375","0.333333","0.416667","0.375","0.333333","0.375","0.333333","0.375","0.375","0.416667","0.416667","0.416667","0.291667","0.291667","0.291667","0.416667","0.208333","0.416667","0.0416667","0.875","0.291667","0.208333","0.166667","0.0833333","0.0833333","0.0833333","0.291667","0.25","0.125","0.916667","0.208333","0.0416667","0.541667","0.25","0.25","0.25","0.333333","0.333333","0.333333","0.166667","0.166667","0.166667","0.166667","0.166667","0.166667","0.166667","0.166667","0.166667","0.166667","0.166667","0.166667","0.166667","0.166667","0.166667","0.166667","0.166667","0.166667","0.208333","0","0","0","0","0","0","1","0.708333","0.5","0.0416667","0.375","0.375","0.0833333","1","0.208333","0.208333","0","0.208333","0","0","0","1","0.125","0.0833333","0.0833333","0.0833333","0.0833333","0.0416667","0.0416667","0.0416667","0.0416667","0","0","0","0.0416667","0.0416667","0.791667","0.0416667","0.0416667","0.0416667","0.0416667","0.0416667","0.0416667","0.25","0.291667","0.0833333","0.125","0.166667","0.166667","0.166667","1","0.0833333","0.208333","0","0.666667","0","0.875","0.125","0.208333","0.0833333","0.0416667","0.166667","0.0833333","1","0.0833333","0","0.0416667","1","1","0.541667","0.0416667","0","0.0416667","0.0416667","0.0416667","0.0416667","0.0416667","0.0416667","0.0416667","0.0416667","0.0416667","0.0416667","0.0416667","0.541667","0","1","1","0","0.125","0.166667","0.125","0","0.166667","0","0.166667","0","0.458333","0.416667","1","0.0416667","0.5","0.5","0.458333","0.5","0.458333","0.25","0.208333","0.208333","0.208333","0.208333","0.208333","0.208333","0.166667","0.166667","0.166667","0.125","0.125","0.125","0.125","0.125","0.125","0.125","0.125","0.125","0.125","0.125","0.125","0.125","0.125","0.125","0.125","0.125","0.125","0.125","0.125","0.125","0.125","0.125","0.25","0.208333","0.208333","0.208333","0.208333","0.208333","0.208333","0.208333","0.125","0.125","0.125","0.125","0.125","0.125","0.125","0.125","0.125","0.125","0.875","0.875","0.875","0.125","0.125","0.875","0.125","0.125","0.125","0.166667","0.125","0.125","0.125","0.125","0.375","0.375","0.375","0.625","0.25","0.666667","0.666667",34.0544,-118.2439,1.11930286884308,2.34931063652039,534.486755371094
"Mozabite","0.368421","0.0789474","0.289474","0.131579","0.157895","0.157895","0.684211","0.184211","0.184211","0.184211","0.184211","0.184211","0.184211","0.184211","0.184211","1","0.421053","0.0526316","0.342105","0","0","0.157895","0","0.0263158","0.0263158","0","0","1","0","0","0","0.921053","0.131579","0.105263","0.105263","0.0789474","0","0.105263","0.131579","0","0.0526316","0.0263158","0.0263158","0.0263158","0.0263158","0","0.0526316","0.0526316","0.0526316","0.0263158","0.0526316","0.0263158","0.0526316","0","0.0526316","0.105263","0.894737","0","0","0","0.0526316","0.0263158","0","0.0263158","0.184211","0.894737","0.0263158","0","0.0263158","0.105263","0.0526316","0.0526316","0.0526316","0.0263158","0","0","0.0526316","0.0526316","0.0526316","0.0526316","0.0526316","0.0526316","0.0526316","0.0526316","0.0263158","0.0263158","0","0","0","0","0","0","0","0","0","0.0263158","0.105263","0.0789474","0.0789474","0.0789474","0.0789474","0.157895","0.105263","0","0.0263158","0","0","0.0526316","0.289474","0.368421","0.289474","0.0789474","0.289474","0.0789474","0.105263","0.105263","0.0263158","0","0","0","0","0","0.0526316","0.0526316","0","0","0","0.0789474","0.0789474","0.210526","0.210526","0.236842","0.0526316","0.0526316","0.0526316","0.0526316","0.0526316","0.0526316","0.947368","0.710526","0.105263","0","0.0526316","0.0263158","0.157895","0","0.0526316","0.0789474","0.0263158","0.0526316","0.342105","0","0.0789474","0.368421","0","0.421053","0.0263158","0","0","0.0263158","0.368421","0.342105","0","0.0526316","0.0263158","0","0.605263","0","0","0","0","0","0","0","0","0","0","0","0","0.0526316","0.578947","0.578947","0.421053","0","0","0","0.5","0","0.526316","0","1","0","0","0.0789474","0.0263158","0.0526316","0.131579","0.131579","0.131579","0.131579","0.0789474","0.0789474","0.0789474","0.0789474","0.0789474","0.0789474","0","0.0263158","0.0263158","0.0263158","0.0263158","0.0263158","0.0263158","0.0263158","0.0263158","0.0789474","0.0263158","0.0263158","0.0263158","0.0263158","0.0263158","0.0263158","0.0526316","0.0526316","0.0263158","0.0526316","0.0526316","0.0526316","0.0526316","0.0526316","0.0526316","0.0263158","0.0526316","0.105263","0.0789474","0.0789474","0.0789474","0.0789474","0.0526316","0.0789474","0.0789474","0.0526316","0.0526316","0.0526316","0.0526316","0.0526316","0.0526316","0.0526316","0.0526316","0.0526316","0.0526316","0.947368","0.947368","0.947368","0.0526316","0.0526316","0.947368","0.0526316","0.0526316","0.0263158","0.0526316","0.0526316","0.0526316","0.0526316","0.0526316","0.0263158","0.0263158","0.0263158","0.0263158","0.0263158","0","0.0263158",32,3,1.50652480125427,1.4614554643631,516.647521972656
"Pathan","0","0.025","0.675","0.025","0.05","0.05","0.775","0.05","0.05","0.05","0.05","0.05","0.05","0.05","0.05","0.925","0.125","0.075","0","0.025","0.025","0.05","0.125","0.125","0.125","0.125","0.125","0.875","0.125","0.125","0.075","0.775","0.075","0.025","0.025","0","0.1","0.1","0.175","0","0.05","0.05","0.175","0.175","0.05","0","0.15","0.15","0.15","0.15","0.2","0.2","0.175","0.075","0.075","0","1","0.025","0.05","0.05","0.075","0.025","0.1","0.075","0.25","1","0","0.05","0.125","0.075","0.075","0.075","0.075","0.125","0.125","0.125","0.1","0.1","0.1","0.1","0.1","0.1","0.1","0.1","0.1","0.1","0.05","0.075","0.075","0.075","0.075","0.075","0.075","0.1","0.075","0.1","0.05","0.05","0.05","0.05","0.075","0.15","0.125","0.025","0.075","0.025","0.05","0.125","0.2","0.35","0.275","0.15","0.275","0.15","0.175","0.15","0.025","0","0.05","0.125","0.125","0.175","0.2","0.225","0.175","0.175","0.15","0.2","0.075","0.125","0.125","0.025","0","0","0","0","0","0","0.85","0.95","0.2","0.025","0.175","0.025","0.1","0.025","0.15","0.075","0","0","0","0","0.375","0.5","0.025","0.05","0.05","0.025","0","0.025","0","0","0","0.025","0.125","0.175","0.3","0.1","0.05","0.05","0.075","0.05","0.05","0.05","0.05","0.05","0.05","0.05","0.175","0.125","0.975","0.975","0.025","0.075","0.1","0.075","0.025","0.1","0.025","0.075","1","0","0","0","0.025","0.075","0.05","0.05","0.1","0.125","0.2","0.225","0.25","0.25","0.25","0.25","0.15","0.15","0.15","0.15","0.175","0.25","0.175","0.175","0.175","0.25","0.25","0.25","0.25","0.25","0.25","0.25","0.275","0.25","0.25","0.25","0.25","0.25","0.25","0.25","0.25","0.25","0.25","0.3","0.3","0.3","0.3","0.3","0.3","0.3","0.3","0.25","0.25","0.25","0.275","0.25","0.25","0.25","0.25","0.25","0.25","0.75","0.75","0.75","0.25","0.25","0.75","0.25","0.25","0.25","0.3","0.25","0.25","0.25","0.25","0.25","0.25","0.25","0.15","0.15","0.1","0.075",33.5,70.5,1.37177288532257,1.88419628143311,829.888916015625
"Peruvian","0.0714286","0","0","0.285714","0.285714","0.285714","0","0.285714","0.285714","0.285714","0","0","0","0","0","0.0714286","0.285714","0.0714286","0","0","0","0.714286","0","0","0","0","0","1","0","0","0","0.928571","0.571429","0.0714286","0.0714286","0.214286","1","0.785714","0.857143","0.428571","0.571429","0.642857","0.857143","0.857143","0.642857","0.857143","0.928571","0.928571","0.928571","0.642857","0.642857","0.642857","0.642857","0.5","0.642857","0","0.642857","0.285714","0.357143","0.428571","0.214286","0","0","0.642857","0.214286","0","1","0.5","0","0.571429","0.214286","0.214286","0.214286","0.357143","0.285714","0.285714","0.142857","0.142857","0.142857","0.142857","0.142857","0.142857","0.142857","0.142857","0.142857","0.142857","0.142857","0.142857","0.142857","0.142857","0.142857","0.142857","0.142857","0.142857","0.142857","0","0","0","0","0","0","1","0.571429","0.571429","0","0.642857","0.642857","0","1","0.142857","0.142857","0","0.142857","0","0","0","1","0.214286","0","0.0714286","0.0714286","0.0714286","0.0714286","0.0714286","0.0714286","0.0714286","0","0.214286","0","0.0714286","0.0714286","0.857143","0","0","0","0","0","0","0.142857","0","0.785714","0.785714","0.857143","0.785714","0.785714","1","0.0714286","0.142857","0.0714286","0.571429","0","0.928571","0.142857","0.142857","0.214286","0.0714286","0.142857","0.0714286","1","0.214286","0","0","1","1","0.642857","0","0","0","0","0","0","0","0","0","0","0","0","0","0.428571","0","1","1","0","0","0.142857","0","0","0.0714286","0","0.142857","0","0.357143","0.5","1","0","0.357143","0.214286","0.214286","0.214286","0.285714","0.285714","0.357143","0.285714","0.285714","0.285714","0.285714","0.214286","0.214286","0.214286","0.214286","0.285714","0.285714","0.285714","0.285714","0.285714","0.285714","0.285714","0.285714","0.285714","0.285714","0.285714","0.285714","0.285714","0.285714","0.285714","0.285714","0.285714","0.285714","0.285714","0.285714","0.285714","0.285714","0.285714","0.285714","0.285714","0.285714","0.285714","0.285714","0.285714","0.285714","0.285714","0.285714","0.285714","0.285714","0.285714","0.285714","0.285714","0.285714","0.285714","0.285714","0.285714","0.714286","0.714286","0.714286","0.285714","0.357143","0.714286","0.285714","0.285714","0.285714","0.285714","0.285714","0.285714","0.285714","0.285714","0.5","0.5","0.5","0.285714","0.142857","0.357143","0.428571",-12.04,-77.03,1.15411365032196,4.14042234420776,-113.075828552246
"Puerto_Rican","0.111111","0.333333","0.0555556","0.388889","0.444444","0.444444","0","0.444444","0.444444","0.444444","0.388889","0.388889","0.388889","0.388889","0.388889","0.388889","0.277778","0","0.166667","0.0555556","0.0555556","0.111111","0.0555556","0","0","0","0","1","0","0","0","0.388889","0","0.222222","0.222222","0.166667","1","0.166667","0.333333","0.166667","0.111111","0.111111","0.222222","0.166667","0.222222","0.111111","0.222222","0.222222","0.222222","0.111111","0.111111","0.111111","0.0555556","0","0.0555556","0","0.944444","0.0555556","0.222222","0.166667","0.111111","0.0555556","0","0.111111","0.111111","0.166667","0.833333","0.222222","0","0.277778","0.222222","0.222222","0.222222","0.222222","0.222222","0.222222","0.222222","0.222222","0.222222","0.222222","0.222222","0.222222","0.222222","0.222222","0.222222","0.222222","0.166667","0.222222","0.222222","0.222222","0.222222","0.222222","0.222222","0.222222","0.222222","0.111111","0","0","0","0","0","1","0.333333","0.111111","0.0555556","0.166667","0.222222","0.0555556","1","0.333333","0.333333","0.111111","0.333333","0.111111","0.111111","0.111111","1","0.0555556","0","0.0555556","0.0555556","0.0555556","0.0555556","0.0555556","0.0555556","0.0555556","0","0","0","0.166667","0.166667","0.833333","0","0","0","0","0","0","0.611111","0.333333","0.111111","0.111111","0.111111","0.111111","0.111111","1","0.0555556","0.222222","0.166667","0.555556","0","0.777778","0.166667","0.277778","0.0555556","0.111111","0.166667","0.0555556","1","0","0.0555556","0.0555556","1","1","0.222222","0.0555556","0","0","0","0","0","0","0","0","0","0","0","0","0.111111","0","0.888889","0.888889","0.111111","0","0.0555556","0","0.222222","0.0555556","0.277778","0.0555556","0","0.0555556","0","1","0","0","0.111111","0.0555556","0.0555556","0.0555556","0.0555556","0.0555556","0.0555556","0.0555556","0.0555556","0.0555556","0.0555556","0.0555556","0.0555556","0.0555556","0","0","0","0","0","0","0","0","0","0","0","0","0.0555556","0.0555556","0.0555556","0.0555556","0.0555556","0.0555556","0.0555556","0.0555556","0.0555556","0.0555556","0.0555556","0.0555556","0.0555556","0.0555556","0.0555556","0.0555556","0.0555556","0.0555556","0.0555556","0.0555556","0.0555556","0.0555556","0.0555556","0.0555556","0.0555556","0.0555556","0.0555556","0.0555556","0.0555556","0.944444","0.944444","0.944444","0.0555556","0.0555556","0.944444","0.0555556","0.0555556","0.0555556","0.0555556","0.0555556","0.0555556","0.0555556","0.0555556","0.0555556","0.0555556","0.0555556","0.0555556","0","0.0555556","0.0555556",18.4,-66.1,2.19557690620422,3.11828279495239,193.557418823242
"Russian","0","0","0.225","0","0.025","0.025","0.825","0.025","0.025","0.025","0.025","0.025","0.025","0.025","0.025","1","0.425","0.05","0","0","0","0.1","0","0","0","0","0","1","0","0","0","0.975","0.075","0.175","0.175","0","0.1","0.125","0.125","0.075","0","0","0.2","0.175","0.05","0","0.125","0.125","0.125","0.075","0.05","0.05","0.025","0.025","0.05","0.1","0.9","0","0.075","0.025","0.125","0.05","0.05","0","0.125","0.75","0.05","0.025","0.125","0.3","0.1","0.1","0.1","0.1","0.1","0.125","0.075","0.075","0.075","0.075","0.075","0.075","0.075","0.075","0.075","0.075","0.075","0.1","0.1","0.1","0.1","0.1","0.1","0.2","0.1","0.125","0.125","0.1","0.1","0.1","0.1","0.3","0.175","0.025","0.075","0.05","0.1","0.05","0.4","0.2","0.175","0.05","0.125","0.05","0.075","0.025","0.05","0.2","0.05","0.075","0.075","0.125","0.15","0.15","0.225","0.225","0.075","0.075","0.125","0.175","0.175","0.275","0","0","0","0","0","0","0.925","0.85","0.2","0.175","0.15","0.05","0.05","0.05","0.025","0.2","0","0","0","0","0.225","0.35","0.325","0.025","0.4","0.35","0","0.325","0","0","0","0","0.125","0.05","0.1","0","0","0","0","0","0","0","0","0","0","0","0","0.075","0.975","0.975","0.025","0.075","0.125","0.075","0.025","0.125","0.025","0.125","1","0.05","0","0.05","0.1","0.1","0.05","0.05","0.05","0.05","0.1","0.1","0.1","0.1","0.1","0.1","0.075","0.1","0.1","0.1","0.125","0.125","0.125","0.125","0.125","0.15","0.15","0.15","0.15","0.15","0.15","0.15","0.15","0.15","0.15","0.15","0.15","0.15","0.15","0.15","0.15","0.15","0.15","0.175","0.175","0.175","0.175","0.175","0.175","0.175","0.175","0.15","0.15","0.15","0.15","0.15","0.15","0.15","0.15","0.15","0.15","0.85","0.85","0.85","0.15","0.175","0.85","0.15","0.15","0.15","0.175","0.15","0.15","0.15","0.15","0.15","0.15","0.15","0.075","0.1","0.1","0.125",61,40,-0.489299803972244,-1.17024958133698,179.148193359375
"Sardinian","0.05","0","0.225","0","0.05","0.05","0.925","0.075","0.075","0.075","0.075","0.075","0.075","0.075","0.075","1","0.775","0.025","0","0.075","0.075","0.075","0.05","0.05","0.05","0.05","0.05","0.95","0.05","0.05","0.05","0.925","0.025","0.325","0.325","0","0","0.075","0.05","0","0","0","0.05","0.025","0.025","0","0","0","0","0.025","0.025","0.025","0.05","0.025","0.025","0.325","0.75","0.025","0.05","0.025","0","0.1","0.025","0","0.1","0.9","0","0","0.025","0.2","0.075","0.075","0.075","0.075","0.075","0.075","0.075","0.075","0.075","0.075","0.075","0.075","0.075","0.075","0.075","0.075","0.025","0.05","0.05","0.05","0.05","0.05","0.05","0.05","0.125","0.075","0.375","0.35","0.35","0.35","0.35","0.05","0.075","0","0.05","0","0.025","0.1","0.275","0.075","0.025","0.025","0.025","0.025","0.025","0.025","0","0","0.075","0.1","0.1","0.15","0.25","0.25","0.225","0.225","0.025","0.025","0.125","0.35","0.35","0.15","0","0","0","0","0","0","0.85","0.925","0.025","0","0.15","0","0.075","0.025","0.05","0.55","0.4","0.025","0","0","0.2","0.425","0","0.025","0.075","0","0.025","0","0","0.025","0","0.075","0","0.025","0.025","0","0","0","0","0","0","0","0","0","0","0","0.075","0.025","0.975","0.975","0.025","0","0","0","0.025","0","0.025","0","1","0","0.05","0.05","0.025","0","0.075","0.075","0.075","0.05","0.05","0.05","0.05","0.05","0.05","0.05","0.025","0.025","0.025","0.025","0.025","0.025","0.025","0.025","0.025","0.025","0.025","0.025","0.025","0.025","0.025","0.025","0.025","0.025","0.025","0.025","0.025","0.025","0.025","0.025","0.025","0.025","0.025","0.025","0.025","0.025","0.025","0.025","0.025","0.025","0.025","0.025","0.025","0.025","0.025","0.025","0.025","0.025","0.025","0.025","0.025","0.975","0.975","0.975","0.025","0.025","0.975","0.025","0.025","0.025","0.075","0.025","0.025","0.025","0.025","0.025","0.025","0.025","0","0.025","0.1","0.1",40,9,0.439511239528656,1.72333812713623,401.477172851562
